INSERT INTO ESTADOS VALUES 
(1, "CON CUPOS"),
(2, "POCOS CUPOS"),
(3, "SIN CUPOS");

INSERT INTO TIPO_VEHICULO VALUES
(1, "CARRO", 80),
(2,"MOTO", 50),
(3,"BICICLETA", 15),
(4,"CAMION", 120);

INSERT INTO PAGO VALUES
(1, "EFECTIVO"),
(2, "NEQUI"),
(3, "TRANSFERENCIA");

INSERT INTO TURNO VALUES
(1, "DIURNO"),
(0, "NOCTURNO");

UPDATE TIPO_VEHICULO SET Tarifa = 20 WHERE TipoVeh_ID = 2;

INSERT INTO VEHICULO VALUES
("ABCD123", 1, "2025-05-06", "TOYOTA"),
("AEU321", 2, "2025-05-01", "ALGODMOTO"),
("XYZ987", 1, "2025-05-10", "MAZDA"),
("LMN456", 2, "2025-05-06", "HONDA"),
("PQR789", 3, "2025-05-11", "TREK"),
("SQL323", 4, "2025-05-06", "FOTON");

INSERT INTO PARQUEADERO VALUES
(1, 10, 8, 2);

INSERT INTO EMPLEADO VALUES
(1, "Carlos", 1, "Supervisor", 1),
(2, "Pedrito", 0, "Supervisor", 1),
(3, "Laura", 1, "Operadora", 1),
(4, "Andrés", 0, "Vigilante", 1),
(5, "Marta", 1, "Cajera", 1);

INSERT INTO REGISTRO (Placa_ID, Empleado_ID, PARQ_ID, Fecha_ingreso, Fecha_salida)
VALUES 
("ABCD123", 1, 1, "2025-05-06 08:00:00", "2025-05-06 10:30:00"),
("AEU321", 2, 1, "2025-05-06 09:00:00", "2025-05-06 12:00:00"),
("XYZ987", 3, 1, "2025-05-10 07:00:00", "2025-05-10 08:30:00"),
("LMN456", 4, 1, "2025-05-09 18:00:00", "2025-05-06 20:00:00"),
("PQR789", 5, 1, "2025-05-11 10:00:00", "2025-05-11 13:30:00");

INSERT INTO FACTURA (Registro_ID, METODOPAGO_ID, Duracion, TotalPago)
VALUES 
(1, 1, 150, 80 * 150),
(2, 1, 180, 50 * 180),
(3, 2, 90, 80 * 100),
(4, 3, 120, 20 * 200),
(5, 1, 210, 15 * 350);

SELECT * FROM PARQUEADERO;
SELECT * FROM VEHICULO;
SELECT * FROM EMPLEADO;
SELECT * FROM REGISTRO;
SELECT * FROM FACTURA;
SELECT * FROM TIPO_VEHICULO;
SELECT * FROM PAGO;